{
  "IcoMoonType": "selection",
  "icons": [
    {
      "icon": {
        "paths": [
          "M424.653 870.298c-22.272 0-43.366-10.394-56.883-28.314l-182.938-241.715c-23.808-31.386-17.613-76.083 13.824-99.891 31.488-23.91 76.186-17.613 99.994 13.824l120.371 158.925 302.643-485.99c20.838-33.382 64.87-43.622 98.355-22.784 33.434 20.787 43.725 64.819 22.835 98.304l-357.581 573.952c-12.39 20.019-33.843 32.512-57.344 33.587-1.126 0.102-2.15 0.102-3.277 0.102z"
        ],
        "attrs": [],
        "isMulticolor": false,
        "isMulticolor2": false,
        "tags": [
          "check"
        ],
        "grid": 20
      },
      "attrs": [],
      "properties": {
        "id": 126,
        "order": 13,
        "prevSize": 20,
        "name": "check"
      },
      "setIdx": 0,
      "setId": 2,
      "iconIdx": 125
    }
  ],
  "height": 1024,
  "preferences": {
    "showGlyphs": true,
    "showQuickUse": true,
    "showQuickUse2": true,
    "showSVGs": true,
    "fontPref": {
      "prefix": "icon-",
      "metadata": {
        "fontFamily": "icomoon"
      },
      "metrics": {
        "emSize": 1024,
        "baseline": 6.25,
        "whitespace": 50
      },
      "embed": false
    },
    "imagePref": {
      "prefix": "icon-",
      "png": false,
      "useClassSelector": true,
      "color": 0,
      "bgColor": 16777215,
      "classSelector": ".icon",
      "height": 32,
      "columns": 16,
      "margin": 16
    },
    "historySize": 50,
    "showCodes": true,
    "gridSize": 16
  }
}